 ,Date,Product,Price,Purchase Type,Payment Method,Manager,Quantity,City,Country/region,Revenue,,,,,,
10452,11/7/2022,Fries,3.49,Online , Gift Card,Tom Jackson,574,London,England,2003.26,,,,,,
10453,11/7/2022,Beverages,2.95,Online , Gift Card,Pablo Perez,746,Madrid,Spain,2200.7,,,,,,
10454,11/7/2022,Sides & Other,4.99,In-store , Gift Card,Joao Silva,201,Lisbon,Portugal,1002.99,,Price,,,Quantity,
10455,11/8/2022,Burgers,12.99,In-store , Credit Card,Walter Muller,570,Berlin,Germany,7404.3,,,,,,
10456,11/8/2022,Chicken Sandwiches,9.95,In-store , Credit Card,Walter Muller,202,Berlin,Germany,2009.9,,Mean,7.341011673,,Mean,461.2412451
10457,11/8/2022,Fries,3.49,In-store , Credit Card,Remy Monet,574,Paris,France,2003.26,,Standard Error,0.303965061,,Standard Error,13.38097448
10459,11/8/2022,Sides & Other,4.99,In-store , Credit Card,Walter Muller,201,Berlin,Germany,1002.99,,Median,4.99,,Median,539
10460,11/9/2022,Burgers,12.99,In-store , Credit Card,Remy Monet,555,Paris,France,7209.45,,Mode,12.99,,Mode,201
10461,11/9/2022,Chicken Sandwiches,9.95,In-store , Credit Card,Remy Monet,202,Paris,France,2009.9,,Standard Deviation,4.872930625,,Standard Deviation,214.5133395
10462,11/9/2022,Fries,3.49,In-store , Credit Card,Remy Monet,574,Paris,France,2003.26,,Sample Variance,23.74545288,,Sample Variance,46015.97282
10463,11/9/2022,Beverages,2.95,In-store , Credit Card,Remy Monet,678,Paris,France,2000.1,,Kurtosis,4.674247607,,Kurtosis,-1.72420374
10464,11/9/2022,Sides & Other,4.99,In-store , Credit Card,Remy Monet,201,Paris,France,1002.99,,Skewness,1.623328876,,Skewness,-0.214249896
10465,11/10/2022,Burgers,12.99,In-store , Credit Card,Pablo Perez,555,Madrid,Spain,7209.45,,Range,30.27,,Range,554
10466,11/10/2022,Chicken Sandwiches,9.95,In-store , Credit Card,Pablo Perez,202,Madrid,Spain,2009.9,,Minimum,2.95,,Minimum,201
10467,11/10/2022,Fries,3.49,In-store , Credit Card,Pablo Perez,574,Madrid,Spain,2003.26,,Maximum,33.22,,Maximum,755
10468,11/10/2022,Beverages,2.95,In-store , Credit Card,Pablo Perez,678,Madrid,Spain,2000.1,,Sum,1886.64,,Sum,118539
10470,11/11/2022,Burgers,12.99,In-store , Credit Card,Pablo Perez,555,Madrid,Spain,7209.45,,Count,257,,Count,257
10471,11/11/2022,Chicken Sandwiches,9.95,In-store , Credit Card,Pablo Perez,202,Madrid,Spain,2009.9,,,,,,
10472,11/11/2022,Fries,3.49,In-store , Credit Card,Pablo Perez,631,Madrid,Spain,2202.19,,,,,,
10473,11/11/2022,Beverages,2.95,In-store , Credit Card,Pablo Perez,678,Madrid,Spain,2000.1,,,,,,
10474,11/11/2022,Sides & Other,4.99,In-store , Credit Card,Pablo Perez,201,Madrid,Spain,1002.99,,,,,,
10475,11/12/2022,Burgers,12.99,In-store , Credit Card,Pablo Perez,524,Madrid,Spain,6806.76,,,,,,
10476,11/12/2022,Chicken Sandwiches,9.95,In-store , Credit Card,Pablo Perez,202,Madrid,Spain,2009.9,,,,,,
10477,11/12/2022,Fries,3.49,In-store , Credit Card,Pablo Perez,631,Madrid,Spain,2202.19,,,,,,
10478,11/12/2022,Beverages,2.95,In-store , Credit Card,Pablo Perez,678,Madrid,Spain,2000.1,,,,,,
10479,11/12/2022,Sides & Other,4.99,In-store , Credit Card,Pablo Perez,201,Madrid,Spain,1002.99,,,,,,
10480,11/13/2022,Burgers,12.99,In-store , Credit Card,Pablo Perez,509,Madrid,Spain,6611.91,,,,,,
10481,11/13/2022,Chicken Sandwiches,9.95,In-store , Credit Card,Pablo Perez,202,Madrid,Spain,2009.9,,,,,,
10482,11/13/2022,Fries,25.5,In-store , Credit Card,Joao Silva,631,Lisbon,Portugal,16090.5,,,,,,
10483,11/13/2022,Beverages,33.22,In-store , Credit Card,Joao Silva,678,Lisbon,Portugal,22523.16,,,,,,
10484,11/13/2022,Sides & Other,21.44,In-store , Credit Card,Joao Silva,201,Lisbon,Portugal,4309.44,,,,,,
10485,11/14/2022,Burgers,27.99,In-store , Credit Card,Joao Silva,524,Lisbon,Portugal,14666.76,,,,,,
10486,11/14/2022,Chicken Sandwiches,29.05,In-store , Credit Card,Joao Silva,202,Lisbon,Portugal,5868.1,,,,,,
10487,11/14/2022,Fries,3.49,In-store , Credit Card,Joao Silva,631,Lisbon,Portugal,2202.19,,,,,,
10488,11/14/2022,Beverages,2.95,In-store , Credit Card,Joao Silva,678,Lisbon,Portugal,2000.1,,,,,,
10489,11/14/2022,Sides & Other,4.99,In-store , Credit Card,Pablo Perez,201,Madrid,Spain,1002.99,,,,,,
10490,11/15/2022,Burgers,12.99,In-store , Credit Card,Pablo Perez,509,Madrid,Spain,6611.91,,,,,,
10491,11/15/2022,Chicken Sandwiches,9.95,In-store , Credit Card,Pablo Perez,202,Madrid,Spain,2009.9,,,,,,
10492,11/15/2022,Fries,3.49,In-store , Credit Card,Pablo Perez,574,Madrid,Spain,2003.26,,,,,,
10493,11/15/2022,Beverages,2.95,In-store , Credit Card,Pablo Perez,678,Madrid,Spain,2000.1,,,,,,
10494,11/15/2022,Sides & Other,4.99,In-store , Credit Card,Pablo Perez,201,Madrid,Spain,1002.99,,,,,,
10495,11/16/2022,Burgers,12.99,In-store , Credit Card,Pablo Perez,509,Madrid,Spain,6611.91,,,,,,
10496,11/16/2022,Chicken Sandwiches,9.95,In-store , Credit Card,Pablo Perez,202,Madrid,Spain,2009.9,,,,,,
10497,11/16/2022,Fries,3.49,In-store , Credit Card,Pablo Perez,574,Madrid,Spain,2003.26,,,,,,
10498,11/16/2022,Beverages,2.95,Drive-thru , Credit Card,Pablo Perez,678,Madrid,Spain,2000.1,,,,,,
10499,11/16/2022,Sides & Other,4.99,Drive-thru , Credit Card,Pablo Perez,201,Madrid,Spain,1002.99,,,,,,
10500,11/17/2022,Burgers,12.99,Drive-thru , Credit Card,Pablo Perez,524,Madrid,Spain,6806.76,,,,,,
10501,11/17/2022,Chicken Sandwiches,9.95,Drive-thru , Credit Card,Pablo Perez,202,Madrid,Spain,2009.9,,,,,,
10502,11/17/2022,Fries,3.49,Drive-thru , Credit Card,Pablo Perez,631,Madrid,Spain,2202.19,,,,,,
10503,11/17/2022,Beverages,2.95,Drive-thru , Credit Card,Pablo Perez,678,Madrid,Spain,2000.1,,,,,,
10504,11/17/2022,Sides & Other,4.99,Drive-thru , Credit Card,Pablo Perez,201,Madrid,Spain,1002.99,,,,,,
10505,11/18/2022,Burgers,12.99,Drive-thru , Credit Card,Pablo Perez,539,Madrid,Spain,7001.61,,,,,,
10506,11/18/2022,Chicken Sandwiches,9.95,Drive-thru , Credit Card,Pablo Perez,202,Madrid,Spain,2009.9,,,,,,
10507,11/18/2022,Fries,3.49,Drive-thru , Credit Card,Pablo Perez,688,Madrid,Spain,2401.12,,,,,,
10508,11/18/2022,Beverages,2.95,Drive-thru , Credit Card,Pablo Perez,678,Madrid,Spain,2000.1,,,,,,
10509,11/18/2022,Sides & Other,4.99,Drive-thru , Credit Card,Pablo Perez,201,Madrid,Spain,1002.99,,,,,,
10510,11/19/2022,Burgers,12.99,Drive-thru , Credit Card,Pablo Perez,509,Madrid,Spain,6611.91,,,,,,
10511,11/19/2022,Chicken Sandwiches,9.95,Drive-thru , Credit Card,Joao Silva,202,Lisbon,Portugal,2009.9,,,,,,
10512,11/19/2022,Fries,3.49,Drive-thru , Credit Card,Joao Silva,688,Lisbon,Portugal,2401.12,,,,,,
10513,11/19/2022,Beverages,2.95,Drive-thru , Cash,Joao Silva,678,Lisbon,Portugal,2000.1,,,,,,
10514,11/19/2022,Sides & Other,4.99,Drive-thru , Cash,Joao Silva,201,Lisbon,Portugal,1002.99,,,,,,
10515,11/20/2022,Burgers,12.99,Drive-thru , Cash,Joao Silva,478,Lisbon,Portugal,6209.22,,,,,,
10516,11/20/2022,Chicken Sandwiches,9.95,Drive-thru , Cash,Joao Silva,202,Lisbon,Portugal,2009.9,,,,,,
10483,11/13/2022,Beverages,2.95,In-store , Credit Card,Joao Silva,678,Lisbon,Portugal,2000.1,,,,,,
10484,11/13/2022,Sides & Other,4.99,In-store , Credit Card,Joao Silva,201,Lisbon,Portugal,1002.99,,,,,,
10485,11/14/2022,Burgers,12.99,In-store , Credit Card,Joao Silva,524,Lisbon,Portugal,6806.76,,,,,,
10520,11/21/2022,Burgers,12.99,Drive-thru , Cash,Remy Monet,493,Paris,France,6404.07,,,,,,
10521,11/21/2022,Chicken Sandwiches,9.95,Drive-thru , Cash,Remy Monet,202,Paris,France,2009.9,,,,,,
10522,11/21/2022,Fries,3.49,Drive-thru , Cash,Remy Monet,688,Paris,France,2401.12,,,,,,
10523,11/21/2022,Beverages,2.95,Drive-thru , Cash,Remy Monet,746,Paris,France,2200.7,,,,,,
10524,11/21/2022,Sides & Other,4.99,Drive-thru , Cash,Remy Monet,201,Paris,France,1002.99,,,,,,
10525,11/22/2022,Burgers,12.99,Drive-thru , Cash,Remy Monet,462,Paris,France,6001.38,,,,,,
10526,11/22/2022,Chicken Sandwiches,9.95,Drive-thru , Cash,Remy Monet,202,Paris,France,2009.9,,,,,,
10527,11/22/2022,Fries,3.49,Drive-thru , Cash,Remy Monet,688,Paris,France,2401.12,,,,,,
10528,11/22/2022,Beverages,2.95,Drive-thru , Cash,Remy Monet,746,Paris,France,2200.7,,,,,,
10529,11/22/2022,Sides & Other,4.99,Drive-thru , Cash,Remy Monet,201,Paris,France,1002.99,,,,,,
10530,11/23/2022,Burgers,12.99,Drive-thru , Cash,Remy Monet,478,Paris,France,6209.22,,,,,,
10531,11/23/2022,Chicken Sandwiches,9.95,Drive-thru , Cash,Remy Monet,202,Paris,France,2009.9,,,,,,
10532,11/23/2022,Fries,3.49,Drive-thru , Cash,Joao Silva,688,Lisbon,Portugal,2401.12,,,,,,
10533,11/23/2022,Beverages,2.95,Drive-thru , Cash,Joao Silva,746,Lisbon,Portugal,2200.7,,,,,,
10534,11/23/2022,Sides & Other,4.99,Drive-thru , Cash,Pablo Perez,201,Madrid,Spain,1002.99,,,,,,
10535,11/24/2022,Burgers,12.99,Drive-thru , Credit Card,Pablo Perez,478,Madrid,Spain,6209.22,,,,,,
10536,11/24/2022,Chicken Sandwiches,9.95,Drive-thru , Credit Card,Pablo Perez,202,Madrid,Spain,2009.9,,,,,,
10537,11/24/2022,Fries,3.49,Drive-thru , Credit Card,Pablo Perez,631,Madrid,Spain,2202.19,,,,,,
10538,11/24/2022,Beverages,2.95,Drive-thru , Credit Card,Pablo Perez,746,Madrid,Spain,2200.7,,,,,,
10539,11/24/2022,Sides & Other,4.99,Drive-thru , Credit Card,Pablo Perez,201,Madrid,Spain,1002.99,,,,,,
10540,11/25/2022,Burgers,12.99,Drive-thru , Credit Card,Pablo Perez,462,Madrid,Spain,6001.38,,,,,,
10541,11/25/2022,Chicken Sandwiches,9.95,Drive-thru , Credit Card,Tom Jackson,202,London,England,2009.9,,,,,,
10542,11/25/2022,Fries,3.49,Drive-thru , Credit Card,Tom Jackson,631,London,England,2202.19,,,,,,
10543,11/25/2022,Beverages,2.95,Drive-thru , Credit Card,Tom Jackson,746,London,England,2200.7,,,,,,
10544,11/25/2022,Sides & Other,4.99,Drive-thru , Credit Card,Tom Jackson,201,London,England,1002.99,,,,,,
10545,11/26/2022,Burgers,12.99,Drive-thru , Credit Card,Tom Jackson,447,London,England,5806.53,,,,,,
10546,11/26/2022,Chicken Sandwiches,9.95,Drive-thru , Credit Card,Tom Jackson,202,London,England,2009.9,,,,,,
10547,11/26/2022,Fries,3.49,Drive-thru , Credit Card,Tom Jackson,631,London,England,2202.19,,,,,,
10548,11/26/2022,Beverages,2.95,Drive-thru , Credit Card,Tom Jackson,746,London,England,2200.7,,,,,,
10549,11/26/2022,Sides & Other,4.99,Drive-thru , Credit Card,Tom Jackson,201,London,England,1002.99,,,,,,
10550,11/27/2022,Burgers,12.99,Drive-thru , Credit Card,Tom Jackson,462,London,England,6001.38,,,,,,
10551,11/27/2022,Chicken Sandwiches,9.95,Drive-thru , Credit Card,Tom Jackson,202,London,England,2009.9,,,,,,
10552,11/27/2022,Fries,3.49,Online , Credit Card,Tom Jackson,631,London,England,2202.19,,,,,,
10553,11/27/2022,Beverages,2.95,Online , Credit Card,Tom Jackson,746,London,England,2200.7,,,,,,
10554,11/27/2022,Sides & Other,4.99,Online , Credit Card,Tom Jackson,201,London,England,1002.99,,,,,,
10555,11/28/2022,Burgers,12.99,Online , Credit Card,Tom Jackson,478,London,England,6209.22,,,,,,
10556,11/28/2022,Chicken Sandwiches,9.95,Online , Credit Card,Tom Jackson,202,London,England,2009.9,,,,,,
10557,11/28/2022,Fries,3.49,Online , Credit Card,Tom Jackson,631,London,England,2202.19,,,,,,
10558,11/28/2022,Beverages,2.95,Online , Credit Card,Tom Jackson,678,London,England,2000.1,,,,,,
10559,11/28/2022,Sides & Other,4.99,Online , Credit Card,Tom Jackson,201,London,England,1002.99,,,,,,
10560,11/29/2022,Burgers,12.99,Online , Credit Card,Tom Jackson,478,London,England,6209.22,,,,,,
10561,11/29/2022,Chicken Sandwiches,9.95,Online , Credit Card,Tom Jackson,202,London,England,2009.9,,,,,,
10562,11/29/2022,Fries,3.49,Online , Credit Card,Tom Jackson,631,London,England,2202.19,,,,,,
10563,11/29/2022,Beverages,2.95,Online , Credit Card,Tom Jackson,678,London,England,2000.1,,,,,,
10564,11/29/2022,Sides & Other,4.99,Online , Credit Card,Tom Jackson,201,London,England,1002.99,,,,,,
10565,11/30/2022,Burgers,12.99,Online , Credit Card,Tom Jackson,493,London,England,6404.07,,,,,,
10566,11/30/2022,Chicken Sandwiches,9.95,Online , Credit Card,Tom Jackson,202,London,England,2009.9,,,,,,
10567,11/30/2022,Fries,3.49,Online , Credit Card,Tom Jackson,631,London,England,2202.19,,,,,,
10568,11/30/2022,Beverages,2.95,Online , Credit Card,Tom Jackson,678,London,England,2000.1,,,,,,
10569,11/30/2022,Sides & Other,4.99,Online , Credit Card,Tom Jackson,201,London,England,1002.99,,,,,,
10570,12/1/2022,Burgers,12.99,Online , Credit Card,Tom Jackson,493,London,England,6404.07,,,,,,
10571,12/1/2022,Chicken Sandwiches,9.95,Online , Credit Card,Tom Jackson,202,London,England,2009.9,,,,,,
10572,12/1/2022,Fries,3.49,Online , Credit Card,Remy Monet,574,Paris,France,2003.26,,,,,,
10573,12/1/2022,Beverages,2.95,Online , Credit Card,Remy Monet,678,Paris,France,2000.1,,,,,,
10574,12/1/2022,Sides & Other,4.99,Online , Credit Card,Remy Monet,201,Paris,France,1002.99,,,,,,
10575,12/2/2022,Burgers,12.99,Online , Credit Card,Remy Monet,524,Paris,France,6806.76,,,,,,
10576,12/2/2022,Chicken Sandwiches,9.95,Online , Credit Card,Remy Monet,202,Paris,France,2009.9,,,,,,
10577,12/2/2022,Fries,3.49,Online , Credit Card,Remy Monet,631,Paris,France,2202.19,,,,,,
10578,12/2/2022,Beverages,2.95,Online , Credit Card,Remy Monet,678,Paris,France,2000.1,,,,,,
10579,12/2/2022,Sides & Other,4.99,Online , Credit Card,Remy Monet,201,Paris,France,1002.99,,,,,,
10580,12/3/2022,Burgers,12.99,Online , Credit Card,Remy Monet,524,Paris,France,6806.76,,,,,,
10581,12/3/2022,Chicken Sandwiches,9.95,Online , Credit Card,Remy Monet,202,Paris,France,2009.9,,,,,,
10582,12/3/2022,Fries,3.49,Online , Credit Card,Tom Jackson,631,London,England,2202.19,,,,,,
10583,12/3/2022,Beverages,2.95,Online , Credit Card,Tom Jackson,678,London,England,2000.1,,,,,,
10584,12/3/2022,Sides & Other,4.99,Online , Credit Card,Tom Jackson,201,London,England,1002.99,,,,,,
10585,12/4/2022,Burgers,12.99,Online , Credit Card,Tom Jackson,539,London,England,7001.61,,,,,,
10586,12/4/2022,Chicken Sandwiches,9.95,Online , Credit Card,Tom Jackson,202,London,England,2009.9,,,,,,
10590,12/5/2022,Burgers,12.99,Online , Credit Card,Tom Jackson,555,London,England,7209.45,,,,,,
10591,12/5/2022,Chicken Sandwiches,9.95,Online , Credit Card,Tom Jackson,202,London,England,2009.9,,,,,,
10592,12/5/2022,Fries,3.49,Online , Credit Card,Tom Jackson,574,London,England,2003.26,,,,,,
10593,12/5/2022,Beverages,2.95,Online , Credit Card,Tom Jackson,678,London,England,2000.1,,,,,,
10594,12/5/2022,Sides & Other,4.99,Online , Credit Card,Tom Jackson,201,London,England,1002.99,,,,,,
10595,12/6/2022,Burgers,12.99,Online , Credit Card,Tom Jackson,539,London,England,7001.61,,,,,,
10596,12/6/2022,Chicken Sandwiches,9.95,Online , Credit Card,Tom Jackson,202,London,England,2009.9,,,,,,
10597,12/6/2022,Fries,3.49,Online , Credit Card,Tom Jackson,574,London,England,2003.26,,,,,,
10598,12/6/2022,Beverages,2.95,Online , Credit Card,Tom Jackson,678,London,England,2000.1,,,,,,
10599,12/6/2022,Sides & Other,4.99,Online , Credit Card,Tom Jackson,201,London,England,1002.99,,,,,,
10600,12/7/2022,Burgers,12.99,Online , Credit Card,Tom Jackson,524,London,England,6806.76,,,,,,
10601,12/7/2022,Chicken Sandwiches,9.95,Online , Credit Card,Tom Jackson,202,London,England,2009.9,,,,,,
10602,12/7/2022,Fries,3.49,Online , Cash,Tom Jackson,631,London,England,2202.19,,,,,,
10603,12/7/2022,Beverages,2.95,Online , Cash,Tom Jackson,678,London,England,2000.1,,,,,,
10604,12/7/2022,Sides & Other,4.99,Online , Cash,Tom Jackson,201,London,England,1002.99,,,,,,
10605,12/8/2022,Burgers,12.99,Online , Cash,Tom Jackson,539,London,England,7001.61,,,,,,
10606,12/8/2022,Chicken Sandwiches,9.95,Online , Cash,Tom Jackson,202,London,England,2009.9,,,,,,
10607,12/8/2022,Fries,3.49,Online , Cash,Tom Jackson,631,London,England,2202.19,,,,,,
10608,12/8/2022,Beverages,2.95,Online , Gift Card,Tom Jackson,678,London,England,2000.1,,,,,,
10609,12/8/2022,Sides & Other,4.99,Online , Gift Card,Tom Jackson,201,London,England,1002.99,,,,,,
10610,12/9/2022,Burgers,12.99,Online , Gift Card,Tom Jackson,570,London,England,7404.3,,,,,,
10611,12/9/2022,Chicken Sandwiches,9.95,Online , Gift Card,Tom Jackson,202,London,England,2009.9,,,,,,
10612,12/9/2022,Fries,3.49,Online , Gift Card,Tom Jackson,631,London,England,2202.19,,,,,,
10613,12/9/2022,Beverages,2.95,Online , Gift Card,Tom Jackson,678,London,England,2000.1,,,,,,
10614,12/9/2022,Sides & Other,4.99,Online , Gift Card,Tom Jackson,201,London,England,1002.99,,,,,,
10615,12/10/2022,Burgers,12.99,Online , Gift Card,Tom Jackson,570,London,England,7404.3,,,,,,
10616,12/10/2022,Chicken Sandwiches,9.95,Online , Gift Card,Tom Jackson,202,London,England,2009.9,,,,,,
10617,12/10/2022,Fries,3.49,Online , Gift Card,Tom Jackson,631,London,England,2202.19,,,,,,
10618,12/10/2022,Beverages,2.95,Online , Gift Card,Tom Jackson,678,London,England,2000.1,,,,,,
10619,12/10/2022,Sides & Other,4.99,Online , Gift Card,Tom Jackson,201,London,England,1002.99,,,,,,
10620,12/11/2022,Burgers,12.99,Online , Gift Card,Tom Jackson,586,London,England,7612.14,,,,,,
10621,12/11/2022,Chicken Sandwiches,9.95,Online , Gift Card,Tom Jackson,202,London,England,2009.9,,,,,,
10622,12/11/2022,Fries,3.49,Online , Gift Card,Tom Jackson,631,London,England,2202.19,,,,,,
10623,12/11/2022,Beverages,2.95,Online , Gift Card,Tom Jackson,746,London,England,2200.7,,,,,,
10624,12/11/2022,Sides & Other,4.99,Online , Gift Card,Tom Jackson,201,London,England,1002.99,,,,,,
10625,12/12/2022,Burgers,12.99,Online , Gift Card,Tom Jackson,570,London,England,7404.3,,,,,,
10626,12/12/2022,Chicken Sandwiches,9.95,Online , Gift Card,Tom Jackson,202,London,England,2009.9,,,,,,
10627,12/12/2022,Fries,3.49,Online , Gift Card,Tom Jackson,631,London,England,2202.19,,,,,,
10628,12/12/2022,Beverages,2.95,Online , Gift Card,Joao Silva,678,Lisbon,Portugal,2000.1,,,,,,
10629,12/12/2022,Sides & Other,4.99,Online , Gift Card,Joao Silva,201,Lisbon,Portugal,1002.99,,,,,,
10630,12/13/2022,Burgers,12.99,Online , Cash,Joao Silva,570,Lisbon,Portugal,7404.3,,,,,,
10631,12/13/2022,Chicken Sandwiches,9.95,Online , Gift Card,Joao Silva,202,Lisbon,Portugal,2009.9,,,,,,
10632,12/13/2022,Fries,3.49,Online , Gift Card,Joao Silva,631,Lisbon,Portugal,2202.19,,,,,,
10633,12/13/2022,Beverages,2.95,Online , Gift Card,Joao Silva,678,Lisbon,Portugal,2000.1,,,,,,
10634,12/13/2022,Sides & Other,4.99,Online , Gift Card,Joao Silva,201,Lisbon,Portugal,1002.99,,,,,,
10635,12/14/2022,Burgers,12.99,Online , Gift Card,Joao Silva,555,Lisbon,Portugal,7209.45,,,,,,
10636,12/14/2022,Chicken Sandwiches,9.95,Online , Gift Card,Joao Silva,222,Lisbon,Portugal,2208.9,,,,,,
10637,12/14/2022,Fries,3.49,Online , Gift Card,Joao Silva,631,Lisbon,Portugal,2202.19,,,,,,
10638,12/14/2022,Beverages,2.95,Online , Gift Card,Joao Silva,678,Lisbon,Portugal,2000.1,,,,,,
10639,12/14/2022,Sides & Other,4.99,Online , Gift Card,Joao Silva,201,Lisbon,Portugal,1002.99,,,,,,
10640,12/15/2022,Burgers,12.99,Online , Gift Card,Joao Silva,539,Lisbon,Portugal,7001.61,,,,,,
10641,12/15/2022,Chicken Sandwiches,9.95,Online , Gift Card,Joao Silva,222,Lisbon,Portugal,2208.9,,,,,,
10642,12/15/2022,Fries,3.49,Online , Cash,Joao Silva,631,Lisbon,Portugal,2202.19,,,,,,
10643,12/15/2022,Beverages,2.95,Online , Cash,Joao Silva,678,Lisbon,Portugal,2000.1,,,,,,
10644,12/15/2022,Sides & Other,4.99,Online , Cash,Joao Silva,201,Lisbon,Portugal,1002.99,,,,,,
10645,12/16/2022,Burgers,12.99,Online , Cash,Joao Silva,570,Lisbon,Portugal,7404.3,,,,,,
10646,12/16/2022,Chicken Sandwiches,9.95,Online , Cash,Joao Silva,222,Lisbon,Portugal,2208.9,,,,,,
10647,12/16/2022,Fries,3.49,Online , Gift Card,Joao Silva,631,Lisbon,Portugal,2202.19,,,,,,
10648,12/16/2022,Beverages,2.95,Online , Gift Card,Joao Silva,746,Lisbon,Portugal,2200.7,,,,,,
10649,12/16/2022,Sides & Other,4.99,Online , Gift Card,Joao Silva,201,Lisbon,Portugal,1002.99,,,,,,
10650,12/17/2022,Burgers,12.99,Online , Gift Card,Joao Silva,586,Lisbon,Portugal,7612.14,,,,,,
10651,12/17/2022,Chicken Sandwiches,9.95,Online , Gift Card,Joao Silva,222,Lisbon,Portugal,2208.9,,,,,,
10652,12/17/2022,Fries,3.49,Online , Gift Card,Joao Silva,688,Lisbon,Portugal,2401.12,,,,,,
10653,12/17/2022,Beverages,2.95,Online , Gift Card,Joao Silva,746,Lisbon,Portugal,2200.7,,,,,,
10654,12/17/2022,Sides & Other,4.99,Online , Gift Card,Joao Silva,201,Lisbon,Portugal,1002.99,,,,,,
10655,12/18/2022,Burgers,12.99,Online , Gift Card,Joao Silva,601,Lisbon,Portugal,7806.99,,,,,,
10656,12/18/2022,Chicken Sandwiches,9.95,Online , Gift Card,Joao Silva,222,Lisbon,Portugal,2208.9,,,,,,
10657,12/18/2022,Fries,3.49,Online , Gift Card,Joao Silva,688,Lisbon,Portugal,2401.12,,,,,,
10658,12/18/2022,Beverages,2.95,Online , Cash,Joao Silva,746,Lisbon,Portugal,2200.7,,,,,,
10659,12/18/2022,Sides & Other,4.99,Online , Cash,Joao Silva,201,Lisbon,Portugal,1002.99,,,,,,
10660,12/19/2022,Burgers,12.99,In-store , Cash,Joao Silva,632,Lisbon,Portugal,8209.68,,,,,,
10661,12/19/2022,Chicken Sandwiches,9.95,In-store , Cash,Joao Silva,222,Lisbon,Portugal,2208.9,,,,,,
10662,12/19/2022,Fries,3.49,In-store , Cash,Joao Silva,631,Lisbon,Portugal,2202.19,,,,,,
10663,12/19/2022,Beverages,2.95,In-store , Cash,Joao Silva,746,Lisbon,Portugal,2200.7,,,,,,
10664,12/19/2022,Sides & Other,4.99,In-store , Cash,Joao Silva,201,Lisbon,Portugal,1002.99,,,,,,
10665,12/20/2022,Burgers,12.99,In-store , Cash,Joao Silva,647,Lisbon,Portugal,8404.53,,,,,,
10666,12/20/2022,Chicken Sandwiches,9.95,In-store , Cash,Joao Silva,222,Lisbon,Portugal,2208.9,,,,,,
10667,12/20/2022,Fries,3.49,In-store , Cash,Joao Silva,631,Lisbon,Portugal,2202.19,,,,,,
10668,12/20/2022,Beverages,2.95,In-store , Cash,Joao Silva,746,Lisbon,Portugal,2200.7,,,,,,
10669,12/20/2022,Sides & Other,4.99,In-store , Cash,Joao Silva,201,Lisbon,Portugal,1002.99,,,,,,
10670,12/21/2022,Burgers,12.99,In-store , Cash,Joao Silva,678,Lisbon,Portugal,8807.22,,,,,,
10671,12/21/2022,Chicken Sandwiches,9.95,In-store , Cash,Joao Silva,222,Lisbon,Portugal,2208.9,,,,,,
10672,12/21/2022,Fries,3.49,In-store , Cash,Joao Silva,631,Lisbon,Portugal,2202.19,,,,,,
10673,12/21/2022,Beverages,2.95,In-store , Cash,Joao Silva,746,Lisbon,Portugal,2200.7,,,,,,
10674,12/21/2022,Sides & Other,4.99,In-store , Cash,Joao Silva,201,Lisbon,Portugal,1002.99,,,,,,
10675,12/22/2022,Burgers,12.99,In-store , Cash,Joao Silva,678,Lisbon,Portugal,8807.22,,,,,,
10676,12/22/2022,Chicken Sandwiches,9.95,In-store , Cash,Joao Silva,242,Lisbon,Portugal,2407.9,,,,,,
10677,12/22/2022,Fries,3.49,In-store , Cash,Joao Silva,631,Lisbon,Portugal,2202.19,,,,,,
10678,12/22/2022,Beverages,2.95,In-store , Cash,Joao Silva,746,Lisbon,Portugal,2200.7,,,,,,
10679,12/22/2022,Sides & Other,4.99,In-store , Cash,Joao Silva,201,Lisbon,Portugal,1002.99,,,,,,
10680,12/23/2022,Burgers,12.99,In-store , Cash,Joao Silva,647,Lisbon,Portugal,8404.53,,,,,,
10681,12/23/2022,Chicken Sandwiches,9.95,In-store , Cash,Joao Silva,242,Lisbon,Portugal,2407.9,,,,,,
10682,12/23/2022,Fries,3.49,In-store , Cash,Joao Silva,631,Lisbon,Portugal,2202.19,,,,,,
10683,12/23/2022,Beverages,2.95,In-store , Cash,Joao Silva,678,Lisbon,Portugal,2000.1,,,,,,
10684,12/23/2022,Sides & Other,4.99,In-store , Cash,Joao Silva,201,Lisbon,Portugal,1002.99,,,,,,
10685,12/24/2022,Burgers,12.99,In-store , Cash,Joao Silva,678,Lisbon,Portugal,8807.22,,,,,,
10686,12/24/2022,Chicken Sandwiches,9.95,In-store , Cash,Joao Silva,242,Lisbon,Portugal,2407.9,,,,,,
10687,12/24/2022,Fries,3.49,In-store , Cash,Walter Muller,631,Berlin,Germany,2202.19,,,,,,
10688,12/24/2022,Beverages,2.95,In-store , Cash,Walter Muller,678,Berlin,Germany,2000.1,,,,,,
10689,12/24/2022,Sides & Other,4.99,In-store , Cash,Walter Muller,201,Berlin,Germany,1002.99,,,,,,
10690,12/25/2022,Burgers,12.99,In-store , Cash,Walter Muller,678,Berlin,Germany,8807.22,,,,,,
10691,12/25/2022,Chicken Sandwiches,9.95,In-store , Cash,Walter Muller,262,Berlin,Germany,2606.9,,,,,,
10692,12/25/2022,Fries,3.49,In-store , Cash,Walter Muller,631,Berlin,Germany,2202.19,,,,,,
10693,12/25/2022,Beverages,2.95,In-store , Cash,Walter Muller,678,Berlin,Germany,2000.1,,,,,,
10694,12/25/2022,Sides & Other,4.99,In-store , Cash,Walter Muller,201,Berlin,Germany,1002.99,,,,,,
10695,12/26/2022,Burgers,12.99,In-store , Cash,Walter Muller,693,Berlin,Germany,9002.07,,,,,,
10696,12/26/2022,Chicken Sandwiches,9.95,In-store , Cash,Walter Muller,282,Berlin,Germany,2805.9,,,,,,
10697,12/26/2022,Fries,3.49,In-store , Cash,Walter Muller,631,Berlin,Germany,2202.19,,,,,,
10698,12/26/2022,Beverages,2.95,In-store , Cash,Walter Muller,678,Berlin,Germany,2000.1,,,,,,
10699,12/26/2022,Sides & Other,4.99,In-store , Cash,Walter Muller,201,Berlin,Germany,1002.99,,,,,,
10700,12/27/2022,Burgers,12.99,In-store , Cash,Walter Muller,693,Berlin,Germany,9002.07,,,,,,
10701,12/27/2022,Chicken Sandwiches,9.95,In-store , Cash,Walter Muller,282,Berlin,Germany,2805.9,,,,,,
10702,12/27/2022,Fries,3.49,In-store , Cash,Walter Muller,631,Berlin,Germany,2202.19,,,,,,
10703,12/27/2022,Beverages,2.95,In-store , Gift Card,Walter Muller,678,Berlin,Germany,2000.1,,,,,,
10704,12/27/2022,Sides & Other,4.99,Drive-thru , Gift Card,Walter Muller,201,Berlin,Germany,1002.99,,,,,,
10705,12/28/2022,Burgers,12.99,Drive-thru , Gift Card,Walter Muller,724,Berlin,Germany,9404.76,,,,,,
10706,12/28/2022,Chicken Sandwiches,9.95,Drive-thru , Gift Card,Walter Muller,302,Berlin,Germany,3004.9,,,,,,
10707,12/28/2022,Fries,3.49,Drive-thru , Gift Card,Walter Muller,631,Berlin,Germany,2202.19,,,,,,
10708,12/28/2022,Beverages,2.95,Drive-thru , Gift Card,Walter Muller,678,Berlin,Germany,2000.1,,,,,,
10709,12/28/2022,Sides & Other,4.99,Drive-thru , Gift Card,Walter Muller,201,Berlin,Germany,1002.99,,,,,,
10710,12/29/2022,Burgers,12.99,Drive-thru , Gift Card,Walter Muller,755,Berlin,Germany,9807.45,,,,,,
10711,12/29/2022,Chicken Sandwiches,9.95,Drive-thru , Gift Card,Walter Muller,282,Berlin,Germany,2805.9,,,,,,
10712,12/29/2022,Fries,3.49,Drive-thru , Gift Card,Walter Muller,631,Berlin,Germany,2202.19,,,,,,
10713,12/29/2022,Beverages,2.95,Drive-thru , Gift Card,Walter Muller,678,Berlin,Germany,2000.1,,,,,,
,,,,,,,,,,812135.13,,,,,,
